Request ID,Service,Customer Name,Professional Name,Date Requested,Date Completed,Status,Remarks,Rating,Review Comment
1,Plumbing Service,Denise Castillo,Scott Snow,2024-11-05 14:45,2024-11-05 17:00,completed,Service completed successfully.,5,"Outstanding service, highly recommended! Several across staff maybe."
2,Plumbing Service,Denise Castillo,Scott Snow,2024-09-11 14:45,2024-09-11 11:00,completed,Service completed successfully.,3,Work done but communication was poor. This common street up policy control accept low.
5,Plumbing Service,Courtney Richardson,Scott Snow,2024-09-05 14:45,2024-09-05 13:00,completed,Service completed successfully.,5,"Outstanding service, highly recommended! Class not approach end green race."
9,Electrical Work,Veronica Ingram,Scott Snow,2024-11-21 14:45,2024-11-21 15:00,completed,Service completed successfully.,4,Professional and efficient work. Go final bit enjoy.
11,Plumbing Service,Veronica Ingram,Scott Snow,2024-11-09 14:45,2024-11-09 12:00,completed,Service completed successfully.,1,Very disappointing service. Chair camera show few account respond.
12,Home Cleaning,Mariah Herrera,Scott Snow,2024-09-28 14:45,2024-09-28 13:00,completed,Service completed successfully.,5,"Outstanding service, highly recommended! Budget watch wish stand for fact."
14,Plumbing Service,Mariah Herrera,Scott Snow,2024-10-26 14:45,2024-10-26 14:00,completed,Service completed successfully.,2,"Below expectations, multiple issues. Allow interesting fear according see."
16,Home Cleaning,Maria Anderson,Scott Snow,2024-10-20 14:45,2024-10-20 15:00,completed,Service completed successfully.,4,"Good service, met expectations. See watch detail college."
17,Plumbing Service,Maria Anderson,Scott Snow,2024-09-26 14:45,2024-09-26 10:00,completed,Service completed successfully.,2,"Below expectations, multiple issues. Record important draw compare manage."
18,House Painting,Tony Lyons,Scott Snow,2024-10-17 14:45,2024-10-17 17:00,completed,Service completed successfully.,4,Quality service but a bit expensive. Process large position.
20,Plumbing Service,Tony Lyons,Scott Snow,2024-10-08 14:45,2024-10-08 12:00,completed,Service completed successfully.,3,"Average service, room for improvement. Rest laugh south fund eye husband economic."
21,Home Cleaning,James Holmes,Scott Snow,2024-09-28 14:45,2024-09-28 15:00,completed,Service completed successfully.,2,"Below expectations, multiple issues. Bar office state majority meet discover material."
25,Electrical Work,Lacey Stephens,Scott Snow,2024-10-23 14:45,2024-10-23 13:00,completed,Service completed successfully.,N/A,N/A
28,Home Cleaning,Lacey Stephens,Scott Snow,2024-09-30 14:45,2024-09-30 14:00,completed,Service completed successfully.,1,Very disappointing service. My year beat song sometimes anyone.
31,Home Cleaning,Brian Morgan,Scott Snow,2024-11-04 14:45,2024-11-04 13:00,completed,Service completed successfully.,4,"Good service, met expectations. Wait face hair war generation."
35,House Painting,Betty Buck,Scott Snow,2024-11-02 14:45,2024-11-02 17:00,completed,Service completed successfully.,4,Quality service but a bit expensive. Material pass show buy.
36,Home Cleaning,Betty Buck,Scott Snow,2024-11-11 14:45,2024-11-11 16:00,completed,Service completed successfully.,N/A,N/A
37,Electrical Work,Michael Maxwell,Scott Snow,2024-10-11 14:45,2024-10-11 14:00,completed,Service completed successfully.,5,"Outstanding service, highly recommended! Girl improve past exist."
41,House Painting,Michael Maxwell,Scott Snow,2024-10-12 14:45,2024-10-12 17:00,completed,Service completed successfully.,5,Great work quality and attention to detail. Less five there itself issue hope ball.
45,Home Cleaning,Elizabeth Thomas,Scott Snow,2024-10-17 14:45,2024-10-17 14:00,completed,Service completed successfully.,1,Very disappointing service. Record real radio.
51,Electrical Work,Kimberly Williams,Scott Snow,2024-10-16 14:45,2024-10-16 16:00,completed,Service completed successfully.,3,Work done but communication was poor. Eat fear enter.
53,Home Cleaning,Kimberly Williams,Scott Snow,2024-11-15 14:45,2024-11-15 14:00,completed,Service completed successfully.,4,"Good service, met expectations. Large movement line alone."
54,Home Cleaning,Kimberly Williams,Scott Snow,2024-11-21 14:45,2024-11-21 16:00,completed,Service completed successfully.,4,Quality service but a bit expensive. Trial information eight shake.
